0,https://live.staticflickr.com/2320/2930009423_eacbdaf8c8_o.jpg
1,
2,https://live.staticflickr.com/3476/3801105259_d434c9dcaa_o.jpg
3,
4,https://live.staticflickr.com/2552/3801100169_2a1dd70c4e_o.jpg
5,https://live.staticflickr.com/3697/9370878477_a982014826_o.jpg
6,https://live.staticflickr.com/2489/3800071344_c37d1e9c3c_o.jpg
7,https://live.staticflickr.com/2344/2089728591_75a451b237_o.jpg
8,https://live.staticflickr.com/3591/3800072002_5c2b068c32_o.jpg
9,https://live.staticflickr.com/7893/32025243547_4ebfc4e6b6_o.jpg
10,https://live.staticflickr.com/3559/3801101159_f6bdd804e5_o.jpg
11,https://live.staticflickr.com/6154/6144928806_7fc107fb76_o.jpg
12,https://live.staticflickr.com/2621/3800069326_a7a5e8bb7f_o.jpg
13,
14,https://live.staticflickr.com/6156/6144923082_8bf68773db_o.jpg
15,https://live.staticflickr.com/2798/4370132346_791ec954a5_o.jpg
16,
17,
18,
